{
  "ece": {
    "gcn_fusion": 0.3195,
    "gcn_graph": 0.4234,
    "egarch": 0.1008,
    "n_bins": 15,
    "note": "Equal-width bins, ECE = sum_b (n_b/N) * |acc_b - conf_b|"
  },
  "reliability": {
    "gcn_fusion": {
      "mean_prob": [
        0.13212087152314472,
        0.22908193375993882,
        0.284430075092476,
        0.3276917032803161,
        0.3639918711005139,
        0.4023009700865685,
        0.4469739415315019,
        0.5135545598555215,
        0.5956179559731684,
        0.7151224302644489
      ],
      "frac_pos": [
        0.037815126050420166,
        0.0759493670886076,
        0.07142857142857142,
        0.10126582278481013,
        0.07142857142857142,
        0.08438818565400844,
        0.06722689075630252,
        0.08016877637130802,
        0.09243697478991597,
        0.13445378151260504
      ],
      "bin_sizes": [
        238,
        237,
        238,
        237,
        238,
        237,
        238,
        237,
        238,
        238
      ]
    },
    "gcn_graph": {
      "mean_prob": [
        0.5048659483925635,
        0.5049523708689565,
        0.504998407694472,
        0.5050357112945136,
        0.5050714856411124,
        0.5051064345404066,
        0.5051423213562044,
        0.5051799263129254,
        0.505221817924195,
        0.5052895002505359
      ],
      "frac_pos": [
        0.046218487394957986,
        0.08438818565400844,
        0.06722689075630252,
        0.0847457627118644,
        0.06276150627615062,
        0.06751054852320675,
        0.08823529411764706,
        0.0970464135021097,
        0.10504201680672269,
        0.1134453781512605
      ],
      "bin_sizes": [
        238,
        237,
        238,
        236,
        239,
        237,
        238,
        237,
        238,
        238
      ]
    },
    "egarch": {
      "mean_prob": [
        3.2243987758900778e-06,
        0.0014974919924461716,
        0.010106630151007406,
        0.026495271742005073,
        0.05377205916805507,
        0.09546299608174763,
        0.15623298410720027,
        0.23548504560764344,
        0.35446985243668266,
        0.6027656666699218
      ],
      "frac_pos": [
        0.08823529411764706,
        0.02109704641350211,
        0.025210084033613446,
        0.0379746835443038,
        0.058823529411764705,
        0.0759493670886076,
        0.09243697478991597,
        0.1308016877637131,
        0.1638655462184874,
        0.12184873949579832
      ],
      "bin_sizes": [
        238,
        237,
        238,
        237,
        238,
        237,
        238,
        237,
        238,
        238
      ]
    },
    "n_bins": 10,
    "note": "Equal-frequency (decile) bins"
  },
  "n_test_samples": 2376,
  "event_rate": 0.0816
}